<ImportExportXml xmlns:xsi="http://www.w3.org/2001/XMLSchema-instance" OrganizationVersion="9.2.26013.155" OrganizationSchemaType="Standard" CRMServerServiceabilityVersion="9.2.26013.00155">
  <Entities></Entities>
  <Roles></Roles>
  <Workflows></Workflows>
  <FieldSecurityProfiles></FieldSecurityProfiles>
  <Templates />
  <EntityMaps />
  <EntityRelationships />
  <OrganizationSettings />
  <optionsets />
  <CustomControls />
  <EntityDataProviders />
  <CanvasApps>
    <CanvasApp>
      <Name>s365_inventorymanagement_81955</Name>
      <AppVersion>2026-02-24T11:41:53Z</AppVersion>
      <Status>Ready</Status>
      <CreatedByClientVersion>0.0.0.0</CreatedByClientVersion>
      <MinClientVersion>0.0.0.0</MinClientVersion>
      <Tags>{}</Tags>
      <IsCdsUpgraded>0</IsCdsUpgraded>
      <GalleryItemId xsi:nil="true"></GalleryItemId>
      <BackgroundColor>RGBA(255,255,255,1)</BackgroundColor>
      <DisplayName>Inventory Management</DisplayName>
      <Description> </Description>
      <CommitMessage xsi:nil="true"></CommitMessage>
      <Publisher xsi:nil="true"></Publisher>
      <AuthorizationReferences>[]</AuthorizationReferences>
      <ConnectionReferences>{}</ConnectionReferences>
      <DatabaseReferences>{}</DatabaseReferences>
      <AppComponents>[]</AppComponents>
      <AppComponentDependencies>[]</AppComponentDependencies>
      <CanConsumeAppPass>1</CanConsumeAppPass>
      <CanvasAppType>4</CanvasAppType>
      <BypassConsent>0</BypassConsent>
      <AdminControlBypassConsent>0</AdminControlBypassConsent>
      <EmbeddedApp xsi:nil="true"></EmbeddedApp>
      <IntroducedVersion>1.0</IntroducedVersion>
      <CdsDependencies>{"cdsdependencies":[]}</CdsDependencies>
      <IsCustomizable>1</IsCustomizable>
      <CodeAppPackageUris>
        <CodeAppPackageUri>/CanvasApps/s365_inventorymanagement_81955_CodeAppPackages/index.html_ContentType_text/html</CodeAppPackageUri>
        <CodeAppPackageUri>/CanvasApps/s365_inventorymanagement_81955_CodeAppPackages/PowerAppsAppDefaultLogo.png_ContentType_image/png</CodeAppPackageUri>
        <CodeAppPackageUri>/CanvasApps/s365_inventorymanagement_81955_CodeAppPackages/assets/index-CQbCSeVS.css_ContentType_text/css</CodeAppPackageUri>
        <CodeAppPackageUri>/CanvasApps/s365_inventorymanagement_81955_CodeAppPackages/assets/index-DESD-xpR.js_ContentType_application/javascript</CodeAppPackageUri>
        <CodeAppPackageUri>/CanvasApps/s365_inventorymanagement_81955_CodeAppPackages/vite.svg_ContentType_image/svg+xml</CodeAppPackageUri>
      </CodeAppPackageUris>
      <BackgroundImageUri>/CanvasApps/s365_inventorymanagement_81955_BackgroundImageUri.png</BackgroundImageUri>
    </CanvasApp>
  </CanvasApps>
  <Languages>
    <Language>1033</Language>
  </Languages>
</ImportExportXml>